Employee ID,First Name,Last Name,DOB,Anon SSN,State
232,John,Mathews,02/24/1991,xxx-xx-9165,No
533,Nathan,Moore,11/19/1978,xxx-xx-7469,Ma
256,Amanda,Douglas,01/08/1990,xxx-xx-6961,Id
189,Heather,Andrews,08/11/1976,xxx-xx-1797,Ve
284,Daniel,Hernandez,07/22/1976,xxx-xx-7473,Co
512,Danny,Pena,01/31/1978,xxx-xx-9878,Mi
126,Gary,Knight,03/08/1994,xxx-xx-1242,Ar
556,Robin,Carroll,10/14/1972,xxx-xx-7194,Ca
595,Michelle,Dickerson,02/08/1984,xxx-xx-2817,Te
191,Kimberly,Gallegos,08/05/1972,xxx-xx-7563,Or
55,Morgan,Parker,01/30/1986,xxx-xx-4320,Te
623,Mason,Rhodes,01/28/1977,xxx-xx-4767,Ma
426,Amy,Griffin,02/18/1973,xxx-xx-1946,Ma
535,Danielle,House,04/16/1975,xxx-xx-9308,Ma
399,Charles,Greene,11/28/1992,xxx-xx-2935,Ke
33,Nicholas,Martinez,04/05/1979,xxx-xx-1689,Lo
302,Tracey,Meadows,01/12/1988,xxx-xx-6175,Rh
325,Renee,Evans,03/14/1991,xxx-xx-2708,Mo
188,Joseph,Estrada,03/29/1984,xxx-xx-2571,Pe
184,Jeremy,Warner,10/20/1987,xxx-xx-1184,Al
526,Anthony,Rodriguez,02/09/1983,xxx-xx-3865,Id
85,Kristen,Lopez,01/02/1978,xxx-xx-8194,Vi
171,Mark,Mcdonald,06/27/1984,xxx-xx-0101,Mo
74,Robert,Freeman,01/01/1984,xxx-xx-5211,Ar
69,Michael,Reynolds,10/30/1994,xxx-xx-8507,Ca
365,Kristine,Little,07/10/1974,xxx-xx-1771,So
149,April,Barnes,02/15/1983,xxx-xx-3288,Rh
218,Pamela,Hodges,02/19/1989,xxx-xx-1423,Ut
647,Ronald,Gilbert,05/26/1974,xxx-xx-4448,Wy
518,Thomas,Cooper,08/17/1972,xxx-xx-9890,Co
12,Dakota,Harrington,08/24/1972,xxx-xx-7188,Vi
622,Jennifer,Porter,01/20/1991,xxx-xx-5572,Wi
159,Beverly,Jordan,08/15/1986,xxx-xx-3762,Ne
394,Mark,Brown,04/02/1975,xxx-xx-8531,Ca
158,Amy,Ford,06/05/1974,xxx-xx-6461,No
446,Benjamin,King,05/07/1973,xxx-xx-8165,Rh
352,Stephen,Bryant,05/15/1991,xxx-xx-6488,So
598,Brandi,Williams,10/15/1989,xxx-xx-8500,Ma
505,Ashley,Hutchinson,04/26/1994,xxx-xx-1510,So
173,Alisha,Pacheco,01/13/1982,xxx-xx-2496,Mi
84,Robert,Campbell,02/27/1973,xxx-xx-9581,So
406,Sandra,Sanders,10/06/1980,xxx-xx-1673,Rh
164,Katherine,Hensley,05/29/1991,xxx-xx-7226,Co
267,Stacy,Cox,11/08/1976,xxx-xx-0990,Al
503,Frank,Barton,06/10/1993,xxx-xx-5568,Ma
295,Shannon,Kramer,05/04/1980,xxx-xx-7615,So
590,Brenda,James,12/31/1977,xxx-xx-3251,Ha
97,Paula,Edwards,08/10/1988,xxx-xx-0638,Ka
3,Jennifer,Rowe,09/16/1980,xxx-xx-9014,Ne
20,David,Foster,01/09/1990,xxx-xx-6956,Mi
179,William,Boyle,01/30/1988,xxx-xx-0490,Ar
86,Christopher,Greene,05/29/1972,xxx-xx-8446,Id
219,Matthew,Fuller,04/27/1980,xxx-xx-2989,Mi
237,Gabriela,Nguyen,12/17/1981,xxx-xx-3729,Wa
96,Allison,Diaz,03/25/1994,xxx-xx-8927,Ar
22,Isaac,Jordan,05/06/1986,xxx-xx-0520,Te
439,Cheryl,Bailey,10/31/1991,xxx-xx-1224,No
146,Julie,Castillo,02/16/1988,xxx-xx-4523,Al
271,Michael,Adams,12/10/1986,xxx-xx-3927,Fl
103,Melinda,Parsons,02/07/1986,xxx-xx-8751,Ne
540,Robert,Campbell,01/17/1987,xxx-xx-3694,De
144,Julie,Nelson,08/08/1994,xxx-xx-1332,So
594,Steven,Nelson,04/14/1989,xxx-xx-2085,Ve
176,Hailey,Lynn,03/25/1973,xxx-xx-9488,Ca
198,Dillon,Nguyen,05/26/1978,xxx-xx-4552,Il
433,Hannah,Miller,10/18/1973,xxx-xx-4657,Ne
274,Jeffrey,Harris,05/25/1994,xxx-xx-4763,Ke
6,Daniel,Welch,08/08/1982,xxx-xx-6950,Il
452,Bryan,Jackson,09/08/1982,xxx-xx-8117,Ma
23,Denise,George,09/07/1990,xxx-xx-4879,Wi
373,Alicia,Carney,09/10/1989,xxx-xx-9437,Oh
374,William,Peters,03/20/1986,xxx-xx-7516,Ke
200,Dustin,Drake,09/17/1993,xxx-xx-5454,We
428,Jessica,Thornton,01/03/1983,xxx-xx-2381,Ka
116,Rebecca,Wilson,06/08/1980,xxx-xx-6629,Mi
418,Katherine,Lane,11/01/1986,xxx-xx-6820,Ne
9,Sarah,Harper,07/27/1993,xxx-xx-5891,Al
230,Jermaine,Hill,09/11/1988,xxx-xx-5479,Ne
502,Michael,Marshall,04/05/1990,xxx-xx-5125,Mi
632,Kirsten,Mcbride,09/10/1973,xxx-xx-2372,Io
112,Rachael,Holmes,07/30/1973,xxx-xx-2067,Ge
422,Leon,Foster,09/19/1975,xxx-xx-3153,So
131,David,Mcclain,08/02/1976,xxx-xx-5430,Oh
404,Emily,Lawrence,11/24/1991,xxx-xx-1991,Te
504,Troy,Booth,12/27/1990,xxx-xx-5141,Te
194,Stephanie,Ho,04/25/1983,xxx-xx-3656,Ka
567,Michele,Hendricks,03/10/1990,xxx-xx-7341,Mi
253,Eric,Harper,11/12/1986,xxx-xx-2860,Ne
407,Jonathan,Gomez,06/05/1993,xxx-xx-4727,So
82,Kevin,Garcia,11/25/1977,xxx-xx-4722,Ne
429,Howard,Lawson,04/13/1984,xxx-xx-7664,Mi
78,Stacy,Robertson,09/24/1974,xxx-xx-0248,Wy
167,John,Beck,07/27/1985,xxx-xx-3635,Ar
484,Julia,Morgan,03/18/1976,xxx-xx-1731,Wi
60,Allen,Leon,04/06/1975,xxx-xx-9089,Mi
400,James,Rios,03/04/1978,xxx-xx-3987,Id
34,Ralph,Wells,10/19/1988,xxx-xx-4237,Ka
596,Megan,Chavez,10/08/1991,xxx-xx-7659,Co
279,Ashley,Patrick,06/07/1974,xxx-xx-0763,Wy
466,Bonnie,Bowen,11/07/1993,xxx-xx-5889,Id
327,Andrew,Lawson,04/05/1982,xxx-xx-7313,Mo
382,Tonya,Chavez,04/17/1984,xxx-xx-5703,Mo
369,Michelle,Larson,03/20/1980,xxx-xx-3866,Fl
347,Mark,Garrett,09/18/1985,xxx-xx-4408,Wy
25,Chelsea,Rivera,06/21/1987,xxx-xx-0140,Ne
317,Amanda,Krause,11/06/1977,xxx-xx-4744,Il
321,Paige,Spencer,09/02/1991,xxx-xx-8621,Ne
193,Rhonda,Gonzales,06/07/1976,xxx-xx-4110,Id
606,Jasmine,Kelly,06/30/1979,xxx-xx-3251,Mi
123,Amy,Sherman,08/04/1973,xxx-xx-6029,Ne
566,David,Arroyo,04/16/1975,xxx-xx-9403,Fl
409,Robert,Lin,11/12/1975,xxx-xx-0121,Ar
265,Paul,Wilson,06/19/1993,xxx-xx-9871,Io
490,Paul,Meyers,03/13/1989,xxx-xx-1680,Ha
311,Jessica,Elliott,06/04/1978,xxx-xx-1632,Oh
537,Anthony,Richmond,10/05/1989,xxx-xx-8935,Ar
147,William,Rivera,03/08/1975,xxx-xx-7032,So
304,Sheri,Villegas,02/13/1985,xxx-xx-8629,Or
472,Kelly,Hopkins,10/08/1984,xxx-xx-6875,Ha
348,Darren,Farrell,05/24/1991,xxx-xx-5885,Ca
91,Darlene,Harmon,05/05/1980,xxx-xx-3052,We
410,Rachel,Lyons,08/29/1972,xxx-xx-0900,Ma
344,David,Jacobs,02/28/1982,xxx-xx-3682,Fl
419,Christina,Weeks,10/15/1972,xxx-xx-2028,Pe
1,Andrea,Anderson,11/12/1984,xxx-xx-5650,Co
532,Jennifer,Smith,01/31/1989,xxx-xx-1748,Ge
107,Shirley,Andrews,12/07/1981,xxx-xx-5306,Oh
166,Adrian,Rivera,02/13/1973,xxx-xx-5638,Ma
391,George,Mckinney,02/04/1984,xxx-xx-7748,Ut
67,Hailey,Boyd,11/17/1980,xxx-xx-0270,Ne
447,Tiffany,Harris,01/12/1983,xxx-xx-9733,We
653,Mary,Hunter,11/01/1977,xxx-xx-6623,Te
294,Robert,Edwards,04/07/1980,xxx-xx-5215,Ge
416,Barbara,Lambert,09/07/1979,xxx-xx-5353,Id
185,Angela,Armstrong,03/22/1990,xxx-xx-2446,Ne
637,Brett,Ward,09/27/1979,xxx-xx-0204,Mi
333,Troy,Sanchez,11/15/1990,xxx-xx-2052,Ok
579,Garrett,Carter,09/26/1988,xxx-xx-7246,Ca
215,James,Reeves,01/31/1988,xxx-xx-1620,In
152,Mary,Baker,07/08/1979,xxx-xx-0954,Mi
301,Alexandra,Bradley,06/13/1980,xxx-xx-9390,Al
572,Aaron,James,03/25/1974,xxx-xx-4596,Or
165,Thomas,Wood,08/21/1979,xxx-xx-8269,Te
639,Charlene,Jackson,10/28/1989,xxx-xx-8809,Wy
405,Mary,Robbins,12/01/1975,xxx-xx-9514,Fl
390,Kayla,Washington,10/08/1985,xxx-xx-6218,Co
641,Kimberly,Knapp,11/23/1992,xxx-xx-1122,Co
51,Nicholas,Brown,09/18/1988,xxx-xx-2869,So
421,Rebecca,Marshall,05/06/1974,xxx-xx-1020,Pe
106,Mark,Smith,07/07/1979,xxx-xx-5381,No
379,Adam,Harrell,10/18/1981,xxx-xx-0742,We
76,Steve,Daniels,09/14/1980,xxx-xx-3537,Co
68,Victoria,Potter,03/25/1988,xxx-xx-4290,Ut
118,Kathy,Preston,03/06/1990,xxx-xx-9960,Lo
127,Michael,Donaldson,01/01/1995,xxx-xx-7624,Ca
542,Brian,Bridges,02/22/1976,xxx-xx-4546,Mi
181,Martha,Gonzalez,01/17/1981,xxx-xx-8342,Ka
111,Paul,Rogers,01/10/1992,xxx-xx-6284,Mo
481,Dawn,Galvan,09/03/1989,xxx-xx-8058,Te
568,Amber,West,01/19/1978,xxx-xx-7363,No
395,Christopher,Guerrero,01/29/1983,xxx-xx-4036,Wy
345,Stacy,Brooks,06/17/1991,xxx-xx-4661,So
438,Danielle,Kaiser,08/21/1975,xxx-xx-9764,Al
403,Taylor,Boyle,09/26/1979,xxx-xx-9756,Ma
180,Donna,Howard,12/16/1978,xxx-xx-3416,Ca
616,Anne,Rios,11/26/1974,xxx-xx-6513,Ha
56,Theresa,Barnes,09/28/1976,xxx-xx-2054,Co
153,Lori,Tate,03/08/1977,xxx-xx-9123,Ne
551,Alexandria,Baker,11/02/1974,xxx-xx-3200,Ne
135,Stephen,Hensley,09/30/1978,xxx-xx-5372,Ge
500,Jennifer,Fischer,11/19/1983,xxx-xx-5609,Ut
24,Pamela,Robinson,02/21/1981,xxx-xx-4275,Ne
81,Brendan,Gonzalez,08/02/1991,xxx-xx-9993,So
50,Richard,Turner,12/24/1982,xxx-xx-9924,Te
328,Michael,Robinson,10/22/1973,xxx-xx-2355,Il
402,Patricia,Sharp,07/13/1987,xxx-xx-0306,Ma
255,Elizabeth,Avila,03/15/1977,xxx-xx-8453,Ne
413,Christopher,Martinez,12/28/1978,xxx-xx-8774,Co
507,Isaac,Woods,03/20/1984,xxx-xx-6227,Al
62,Adriana,Wolf,10/17/1994,xxx-xx-1702,Or
150,David,Pearson,06/14/1982,xxx-xx-1781,Al
109,Matthew,Kramer,05/14/1988,xxx-xx-4860,Rh
310,Pamela,Archer,10/25/1987,xxx-xx-2625,We
243,Charles,Stout,12/05/1976,xxx-xx-1997,Ka
72,Daniel,Boyd,07/18/1978,xxx-xx-1220,Ne
608,Jimmy,Jones,02/19/1973,xxx-xx-2030,Ma
19,Rebecca,Hammond,02/21/1972,xxx-xx-2706,Lo
30,Emily,Diaz,12/04/1986,xxx-xx-9174,Al
119,Chad,Wise,11/10/1988,xxx-xx-1355,Co
162,Todd,Duran,01/14/1976,xxx-xx-1832,Ke
199,Brian,Mclaughlin,09/21/1987,xxx-xx-2876,Pe
187,Katherine,Rogers,05/13/1988,xxx-xx-9500,Ma
102,Joseph,Adams,01/18/1979,xxx-xx-7778,Wi
385,David,Lowery,10/21/1987,xxx-xx-7963,Ut
626,Janice,Young,07/07/1988,xxx-xx-4863,Wa
528,Anna,Matthews,02/09/1991,xxx-xx-4474,Te
31,Katie,Garcia,03/22/1983,xxx-xx-8462,Al
43,Maria,Estrada,04/30/1990,xxx-xx-8108,Lo
169,Ashley,Smith,07/16/1983,xxx-xx-8720,Te
204,Amy,Wright,10/15/1991,xxx-xx-8641,Ca
494,Heather,Scott,08/20/1982,xxx-xx-0361,Ne
233,John,Anderson,05/30/1973,xxx-xx-6681,Ne
638,John,Anderson,01/07/1983,xxx-xx-7935,Ut
57,Kimberly,Harris,10/01/1988,xxx-xx-5459,Io
648,Christopher,Smith,11/23/1976,xxx-xx-2521,Wi
192,Daniel,Singh,12/25/1980,xxx-xx-7521,Vi
73,Miranda,Nguyen,08/12/1981,xxx-xx-2585,Ma
477,Gregory,Simpson,07/09/1990,xxx-xx-9365,Co
411,Daniel,Brown,04/19/1984,xxx-xx-6526,Ne
630,Susan,Thompson,05/17/1985,xxx-xx-6074,Te
600,Rick,Johns,07/30/1984,xxx-xx-7121,Ne
634,Sean,Calhoun,07/31/1978,xxx-xx-2261,So
296,Alan,Holden,11/06/1994,xxx-xx-6916,Pe
154,Robin,Silva,07/14/1987,xxx-xx-0453,Al
527,Nicole,Conrad,06/02/1985,xxx-xx-6985,So
635,Deanna,Russell,07/29/1972,xxx-xx-9236,Ma
229,Joshua,Bailey,07/20/1986,xxx-xx-4031,We
389,Daniel,Patrick,10/15/1972,xxx-xx-8777,Ge
220,William,Smith,06/04/1990,xxx-xx-0654,Ar
454,Kristin,Grant,08/23/1980,xxx-xx-9693,We
488,Kimberly,Velasquez,01/10/1989,xxx-xx-4229,Ge
41,Michael,Dalton,03/08/1994,xxx-xx-2101,Wi
522,Jason,Shaw,11/01/1985,xxx-xx-4765,Ke
269,Jonathon,Olson,07/08/1985,xxx-xx-7767,So
35,Andrea,Perry,02/01/1986,xxx-xx-8897,Co
10,Anthony,Nguyen,10/09/1986,xxx-xx-8472,Wi
397,Anthony,Christensen,05/13/1983,xxx-xx-8703,Oh
45,Paul,Murphy,07/18/1975,xxx-xx-9454,Ne
210,Susan,Stewart,04/23/1989,xxx-xx-2712,Ge
197,Scott,Warren,06/24/1985,xxx-xx-3723,Oh
354,Jennifer,Avery,08/08/1987,xxx-xx-5062,Lo
552,Alexander,Vaughan,08/22/1988,xxx-xx-8562,Mi
414,Laura,Parker,12/05/1973,xxx-xx-6879,Co
134,Derek,Harrington,09/15/1990,xxx-xx-2836,Ar
11,Daniel,Wells,08/27/1994,xxx-xx-7268,Ca
222,Kelly,Phillips,11/05/1987,xxx-xx-1324,Mi
442,Lauren,Bennett,06/05/1985,xxx-xx-4874,Io
633,Aaron,Wolf,04/09/1978,xxx-xx-1149,Wy
361,Julia,Wright,09/04/1980,xxx-xx-6702,Co
205,Cheryl,Dennis,06/16/1986,xxx-xx-0712,Te
18,Donna,Lopez,02/22/1985,xxx-xx-5711,De
459,Matthew,Gibbs,06/12/1984,xxx-xx-9698,Id
564,Nancy,Mitchell,02/02/1988,xxx-xx-9365,Ge
138,Ashley,Bullock,07/23/1983,xxx-xx-5394,Mi
356,Andrew,Moore,01/03/1982,xxx-xx-5178,Id
479,Joseph,Martinez,10/05/1973,xxx-xx-9409,Ne
100,Yvette,Rodriguez,09/11/1985,xxx-xx-8123,Or
451,Carrie,Barber,11/09/1977,xxx-xx-3083,Lo
432,Ashley,Sherman,10/01/1984,xxx-xx-1501,Ne
71,Craig,Garcia,08/18/1994,xxx-xx-3695,Pe
463,Jerome,Brown,07/10/1992,xxx-xx-9456,Ma
308,Kevin,Beck,03/29/1981,xxx-xx-7304,Te
591,Travis,Hansen,07/28/1981,xxx-xx-6746,De
214,Rodney,Cook,12/15/1994,xxx-xx-6232,Rh
290,Theresa,Brown,02/20/1993,xxx-xx-3478,Mi
8,Wayne,Mercer,09/21/1989,xxx-xx-7254,Ma
182,Mary,Lee,04/12/1982,xxx-xx-7361,Oh
534,Matthew,Martin,07/12/1993,xxx-xx-7803,Id
511,Lee,Weber,12/03/1988,xxx-xx-9830,Ca
32,James,Wilson,07/23/1977,xxx-xx-7343,Or
289,Angela,Clark,04/20/1988,xxx-xx-3392,Mi
643,Allen,Flynn,07/25/1994,xxx-xx-7573,Ne
234,Darrell,Coleman,08/24/1992,xxx-xx-4198,Wi
618,Patrick,Wells,08/03/1979,xxx-xx-3209,Mi
246,Tyler,Beck,10/20/1986,xxx-xx-1385,Ha
546,Michelle,Jenkins,11/29/1977,xxx-xx-8254,Ne
455,Scott,Miller,09/27/1991,xxx-xx-3580,Wy
341,Maria,Mcmillan,09/07/1973,xxx-xx-3730,Te
252,Amy,Waller,10/01/1980,xxx-xx-8763,Ma
351,Jacob,Thomas,03/31/1976,xxx-xx-8896,Mi
493,Amanda,Jones,07/31/1993,xxx-xx-0691,Mi
599,Edward,Padilla,10/09/1993,xxx-xx-5222,Pe
315,Debra,Best,02/20/1973,xxx-xx-3320,No
577,Gregory,Roberts,01/27/1986,xxx-xx-4496,In
415,Suzanne,Wheeler,05/19/1985,xxx-xx-2982,Wi
303,Ann,Lewis,01/14/1976,xxx-xx-0619,Mo
478,Michelle,Peterson,06/25/1984,xxx-xx-2154,Ma
313,Adam,Thomas,12/30/1982,xxx-xx-1297,Vi
4,Donna,Owens,09/26/1987,xxx-xx-6696,Al
249,Pamela,Lyons,09/27/1972,xxx-xx-3318,Ar
649,Victor,Lopez,10/26/1987,xxx-xx-3964,Ne
565,Matthew,Miller,04/07/1979,xxx-xx-3517,Co
513,Kevin,Foster,10/18/1985,xxx-xx-5090,Wi
516,Alyssa,Stokes,04/01/1973,xxx-xx-2432,Oh
545,Mark,Saunders,08/23/1973,xxx-xx-2640,Ve
38,Michael,Chapman,03/13/1977,xxx-xx-6874,Or
309,Cole,Farrell,01/29/1993,xxx-xx-7973,In
578,Michael,Estrada,10/12/1994,xxx-xx-2448,Oh
178,Shaun,Martinez,12/11/1982,xxx-xx-5793,No
359,Victoria,Moon,01/06/1976,xxx-xx-8604,Ar
278,Brian,Peters,05/07/1982,xxx-xx-3701,Ha
292,Jose,Gonzalez,06/01/1992,xxx-xx-9797,Ma
87,John,Paul,11/20/1973,xxx-xx-7180,Ke
286,Stephanie,Smith,04/26/1978,xxx-xx-1286,Ne
221,Lisa,Wilson,11/09/1993,xxx-xx-6950,Ar
524,Cody,Duran,01/15/1973,xxx-xx-6706,Ne
453,Ann,Johnson,06/01/1981,xxx-xx-9046,Ne
468,Paula,Hernandez,10/12/1975,xxx-xx-2951,Ca
444,Patrick,Barber,07/21/1991,xxx-xx-9891,Ne
350,Dennis,Alvarado,11/27/1973,xxx-xx-4378,Mo
462,David,Peterson,06/27/1973,xxx-xx-7312,Lo
66,Tina,Williams,11/04/1987,xxx-xx-7775,Or
495,Bridget,Koch,02/23/1973,xxx-xx-9714,Wy
586,Adrian,Hernandez,09/08/1993,xxx-xx-5101,Ne
457,Andrea,Potter,12/26/1983,xxx-xx-6384,Ne
392,David,Williams,07/07/1990,xxx-xx-6350,Ma
202,Katherine,Wright,05/10/1987,xxx-xx-3109,Ar
467,Kevin,Taylor,04/19/1979,xxx-xx-2293,Ne
627,Latoya,Mitchell,03/15/1991,xxx-xx-3607,Ma
367,Tricia,Smith,01/24/1992,xxx-xx-7866,Ca
244,David,Miles,11/26/1993,xxx-xx-2657,Mi
620,Gina,Hoffman,03/20/1990,xxx-xx-4213,Ut
642,Tamara,Whitney,09/21/1975,xxx-xx-9208,Mi
427,John,Garcia,04/14/1987,xxx-xx-3993,Te
539,Craig,Nunez,06/13/1972,xxx-xx-6566,De
98,Desiree,Ross,07/07/1981,xxx-xx-2608,Mi
324,Samantha,Ramirez,08/11/1981,xxx-xx-7086,Ma
589,David,Patton,11/19/1978,xxx-xx-9705,Pe
339,Caroline,Lopez,08/09/1981,xxx-xx-1325,Ok
645,Karen,Malone,09/03/1985,xxx-xx-5442,Co
355,Daniel,Wright,12/31/1989,xxx-xx-3803,Fl
541,Brent,Miller,01/14/1978,xxx-xx-9692,Ha
360,Mitchell,Meyer,08/31/1991,xxx-xx-7666,Rh
39,Annette,Flores,04/19/1977,xxx-xx-3196,Ne
305,Wendy,Hendrix,08/19/1983,xxx-xx-6634,Wy
474,Alexis,Cross,08/11/1983,xxx-xx-3694,Mi
571,Jeffrey,Jones,06/27/1981,xxx-xx-1822,So
372,Jessica,Walsh,06/01/1976,xxx-xx-2907,Rh
559,Sherry,Henderson,02/15/1991,xxx-xx-3768,Fl
521,Jennifer,Johnson,02/17/1978,xxx-xx-3102,Ok
583,Scott,Ellison,03/31/1977,xxx-xx-8653,Ne
329,Denise,Baldwin,04/06/1992,xxx-xx-7350,Al
201,Rebecca,James,12/04/1980,xxx-xx-1514,Ma
276,Sean,Gonzales,08/11/1981,xxx-xx-8838,Mi
592,Mary,Chavez,04/27/1990,xxx-xx-2834,Pe
124,Ralph,Martinez,02/26/1980,xxx-xx-4024,Wa
133,Thomas,Stone,03/29/1973,xxx-xx-8227,De
314,Christopher,Anderson,07/01/1974,xxx-xx-1835,No
562,Allison,Garcia,02/08/1983,xxx-xx-0105,Lo
125,Charles,Hall,09/15/1982,xxx-xx-7617,Pe
625,Lawrence,Roach,04/03/1991,xxx-xx-2080,Ke
312,Christopher,Dougherty,03/29/1978,xxx-xx-0986,Al
90,William,Small,08/05/1990,xxx-xx-0642,Co
236,Samuel,May,03/30/1988,xxx-xx-0970,Ne
601,Brian,Lopez,02/13/1990,xxx-xx-7558,De
326,Amanda,Clark,07/23/1991,xxx-xx-5043,Mi
264,Cody,Taylor,11/13/1978,xxx-xx-3700,So
248,Sherry,Love,03/24/1975,xxx-xx-8685,Or
485,Christine,Stone,11/07/1978,xxx-xx-6503,Ka
54,Kristy,Diaz,03/26/1988,xxx-xx-1032,Io
2,Amy,Long,07/19/1982,xxx-xx-7292,Fl
298,Haley,Myers,03/20/1985,xxx-xx-0757,Ma
99,Michael,Holden,07/23/1975,xxx-xx-7951,In
186,Kelly,Ferrell,01/21/1982,xxx-xx-2299,Ne
593,Rachel,Valdez,05/21/1985,xxx-xx-0852,Ut
557,Kristine,Roberson,03/18/1981,xxx-xx-0956,Mi
375,Vincent,Watson,12/15/1974,xxx-xx-8997,Rh
460,Elizabeth,Bailey,07/15/1979,xxx-xx-7230,Mi
496,Mark,Mcmillan,07/08/1976,xxx-xx-2503,Mi
487,Sheri,Long,06/06/1978,xxx-xx-5166,Oh
469,Daniel,Mccall,07/12/1987,xxx-xx-5314,Ne
340,Dawn,Malone,04/19/1979,xxx-xx-2070,Te
363,Evan,Romero,08/25/1994,xxx-xx-3334,Ne
108,Paul,Adams,04/19/1992,xxx-xx-5765,We
357,Tracy,Holt,10/20/1988,xxx-xx-1413,Al
293,Charles,Wheeler,02/11/1972,xxx-xx-5781,Ca
604,Ashley,Harris,08/09/1993,xxx-xx-7070,Il
7,Roberto,Schmidt,02/07/1994,xxx-xx-1763,Al
94,Margaret,Barton,10/10/1975,xxx-xx-0973,Id
227,Michelle,Diaz,09/25/1993,xxx-xx-4889,Id
486,Mike,Duncan,12/15/1988,xxx-xx-8115,Ma
613,Alexandra,Thomas,01/12/1994,xxx-xx-6760,So
603,Mark,Murillo,09/22/1976,xxx-xx-9915,Mi
332,Carol,Dyer,03/12/1989,xxx-xx-5545,Ha
587,Daniel,Williams,11/17/1989,xxx-xx-9146,Ne
602,Sandra,Suarez,09/20/1980,xxx-xx-9548,Ge
398,Sarah,Hamilton,07/20/1976,xxx-xx-3104,No
148,Sydney,Floyd,03/31/1981,xxx-xx-0722,Co
223,Jonathan,Hall,07/01/1978,xxx-xx-6672,Ne
574,Jennifer,Kim,10/03/1976,xxx-xx-9504,Mi
588,Kenneth,Sanchez,10/30/1980,xxx-xx-8921,Ca
157,Joseph,Carroll,05/09/1975,xxx-xx-5984,No
175,Jennifer,Arnold,10/18/1976,xxx-xx-4368,Al
473,David,Le,08/31/1976,xxx-xx-5444,Mi
29,Jeffrey,Clark,06/28/1978,xxx-xx-0316,Mi
334,Jeffery,Reed,07/19/1985,xxx-xx-6338,Ne
465,Laura,Kim,07/26/1974,xxx-xx-3606,Pe
92,Derek,Obrien,06/29/1990,xxx-xx-6123,Ne
470,Brooke,Bishop,12/18/1980,xxx-xx-4107,Ca
128,Peter,Miles,10/26/1976,xxx-xx-3367,Wa
77,Alex,Owen,10/07/1987,xxx-xx-9252,Al
530,Michael,Fowler,08/28/1990,xxx-xx-3995,Te
270,Katherine,Rose,01/19/1976,xxx-xx-0446,Mi
251,Daniel,Waller,04/23/1974,xxx-xx-0011,Ke
277,Ronald,Johnson,09/19/1973,xxx-xx-8871,De
346,Austin,Gutierrez,06/25/1979,xxx-xx-0203,Ve
238,Brandon,Chang,05/14/1984,xxx-xx-6687,Al
143,Alexander,Murphy,05/05/1984,xxx-xx-0664,Ut
461,Stephanie,Mendoza,03/22/1977,xxx-xx-8308,Ve
5,Gregory,Moore,02/10/1982,xxx-xx-6226,Ma
117,Jonathan,Mendoza,12/30/1989,xxx-xx-0262,Ma
396,Michelle,Phillips,09/17/1988,xxx-xx-2345,Ok
517,Justin,Morgan,03/17/1976,xxx-xx-5133,Mi
228,Michael,Hubbard,09/09/1978,xxx-xx-8972,Co
576,Travis,Little,05/14/1992,xxx-xx-6995,Wy
482,Susan,Kennedy,12/19/1988,xxx-xx-4558,Ma
611,Emily,Mcgrath,11/10/1973,xxx-xx-7640,Co
288,Sandra,Griffin,11/13/1988,xxx-xx-6533,Ne
322,Jessica,Sullivan,01/07/1990,xxx-xx-2665,Wy
93,Timothy,Mendoza,06/09/1980,xxx-xx-2367,Ne
631,Amanda,Pearson,08/15/1979,xxx-xx-9832,Te
95,Jeffery,Burnett,07/28/1984,xxx-xx-4493,Ka
225,Brian,Williams,01/12/1986,xxx-xx-5701,Mo
386,Randy,Dorsey,05/09/1974,xxx-xx-0360,Mi
272,Duane,Williams,10/14/1973,xxx-xx-8818,Ne
614,Colleen,Beasley,08/12/1977,xxx-xx-3286,Ma
262,Brian,Jackson,12/21/1985,xxx-xx-9597,Pe
110,Cynthia,Price,10/15/1991,xxx-xx-6184,So
501,Donald,Carter,07/16/1983,xxx-xx-5922,Ha
65,Lisa,Schmitt,04/23/1976,xxx-xx-5980,Te
458,Dustin,Nichols,06/07/1977,xxx-xx-9015,Ne
224,Jay,Brown,04/24/1980,xxx-xx-8736,Te
160,Beth,Lynch,02/13/1984,xxx-xx-0814,Al
259,Mary,Mitchell,01/20/1982,xxx-xx-3602,Te
547,Joshua,Rush,08/05/1986,xxx-xx-2710,Ge
358,Jillian,David,04/11/1973,xxx-xx-4462,Ha
652,Anthony,Delgado,09/19/1994,xxx-xx-7837,Fl
49,Meghan,Wilson,05/18/1988,xxx-xx-4722,Ha
437,Andrea,Montgomery,12/03/1991,xxx-xx-6315,Oh
536,Megan,Gray,10/12/1972,xxx-xx-4006,Ne
636,Sarah,Brooks,06/27/1991,xxx-xx-6948,Ar
330,Kaylee,Clark,05/29/1992,xxx-xx-0753,Wi
538,Joseph,Martin,04/13/1992,xxx-xx-5396,Ar
168,Donna,Rose,04/20/1989,xxx-xx-1960,Te
480,Brandi,Sawyer,07/13/1979,xxx-xx-9334,Rh
543,James,Torres,01/19/1986,xxx-xx-5026,De
506,Jonathan,Malone,04/14/1984,xxx-xx-9942,Mi
80,Christine,Williams,08/15/1974,xxx-xx-1974,Mi
342,Christopher,Young,12/02/1988,xxx-xx-1343,Ne
364,David,Turner,02/13/1973,xxx-xx-7108,Il
64,Gregory,Estes,10/04/1989,xxx-xx-9235,Ka
156,Shannon,Vaughn,12/27/1992,xxx-xx-2444,Ar
285,James,Mclaughlin,01/21/1981,xxx-xx-1088,No
79,Michael,Brown,01/13/1986,xxx-xx-9682,Oh
170,Jennifer,Crawford,07/21/1986,xxx-xx-5861,Fl
561,Michelle,Carr,06/22/1978,xxx-xx-2759,Co
617,Andrew,Love,05/27/1991,xxx-xx-9696,Oh
515,Anna,Bennett,06/20/1977,xxx-xx-6909,Te
644,William,Watts,10/12/1989,xxx-xx-6883,Mi
450,Cynthia,Williams,12/23/1978,xxx-xx-5994,Ne
216,Bruce,Miles,01/21/1982,xxx-xx-0969,Io
88,Amanda,Wilson,05/23/1972,xxx-xx-0767,Ne
130,Joshua,Riley,11/08/1983,xxx-xx-4874,In
408,Carla,Torres,02/23/1987,xxx-xx-7599,Co
105,Mark,Green,06/14/1977,xxx-xx-6893,Ar
580,Stephanie,Goodwin,02/25/1986,xxx-xx-5702,No
388,Cameron,Allen,01/02/1986,xxx-xx-8341,Id
316,Harold,Li,05/11/1983,xxx-xx-2966,Ge
196,Sara,Curry,06/05/1984,xxx-xx-1678,Id
366,Caroline,Wyatt,11/12/1979,xxx-xx-7063,Ne
331,Nicole,Perez,09/28/1982,xxx-xx-1455,Mo
63,Jacqueline,Garcia,01/31/1991,xxx-xx-8953,No
651,Alexander,Wright,04/18/1979,xxx-xx-7263,Mi
497,Heather,Farrell,01/11/1978,xxx-xx-0338,Ma
14,Joseph,Fernandez,06/01/1978,xxx-xx-4971,Il
52,Timothy,Chandler,03/26/1978,xxx-xx-3897,Ne
456,Gregory,Jackson,06/06/1973,xxx-xx-0058,Wy
412,Thomas,Patterson,05/06/1977,xxx-xx-4561,Vi
283,Timothy,Suarez,01/12/1977,xxx-xx-3073,Wi
174,Jennifer,Jensen,03/09/1991,xxx-xx-4293,Ge
509,Andrew,Hogan,06/08/1990,xxx-xx-5943,No
254,Dale,Hartman,10/01/1993,xxx-xx-9502,Ma
531,Jennifer,Williams,02/27/1977,xxx-xx-9054,Ok
104,Antonio,Perez,02/09/1980,xxx-xx-4115,No
549,Joshua,Hicks,01/07/1985,xxx-xx-4786,Ka
183,Edward,Thompson,08/31/1994,xxx-xx-8605,Oh
612,Lee,Zamora,03/17/1979,xxx-xx-3321,Ut
492,Wyatt,Rivers,02/07/1984,xxx-xx-5135,Ke
27,Michelle,Reeves,11/23/1972,xxx-xx-1066,Pe
287,Joanna,Hopkins,04/17/1973,xxx-xx-2714,Ma
584,Joseph,Mitchell,05/18/1980,xxx-xx-7441,Vi
624,Ariel,Ray,09/11/1972,xxx-xx-2732,Or
53,Shawn,Murray,10/30/1990,xxx-xx-5217,Mi
206,Jose,Spears,03/01/1976,xxx-xx-2675,Ne
211,Caroline,Mayer,05/03/1973,xxx-xx-2487,Wy
646,David,Weaver,08/11/1976,xxx-xx-2750,Ma
336,Kelly,Sullivan,04/12/1988,xxx-xx-7284,Ne
555,Kyle,Ramirez,05/30/1984,xxx-xx-2839,Wa
560,Carrie,Davis,06/20/1984,xxx-xx-6558,Wa
203,Catherine,Martinez,04/28/1990,xxx-xx-6917,Ne
217,Amanda,Lewis,12/05/1988,xxx-xx-0504,Mo
371,Katherine,Bailey,03/04/1994,xxx-xx-3545,We
605,Rodney,Smith,05/08/1975,xxx-xx-3105,Ne
337,Savannah,Saunders,05/12/1984,xxx-xx-2473,Io
381,Claudia,Oneal,04/01/1987,xxx-xx-9008,Te
508,Roy,Johnson,03/30/1984,xxx-xx-6344,Al
58,Michelle,Smith,07/08/1982,xxx-xx-6834,Ne
401,Amanda,Haney,04/11/1983,xxx-xx-9019,Io
163,Theresa,Fletcher,10/22/1992,xxx-xx-0535,Vi
548,Debra,Green,07/20/1988,xxx-xx-5376,So
161,John,Cox,12/11/1985,xxx-xx-7739,Oh
464,Beth,Harris,12/22/1982,xxx-xx-5871,Rh
476,Erica,Mcconnell,07/01/1981,xxx-xx-0878,Ma
208,Kimberly,Johnson,01/22/1992,xxx-xx-4304,Pe
378,Kyle,Aguirre,10/24/1973,xxx-xx-4469,Ne
654,Nicole,English,04/30/1977,xxx-xx-9164,Ha
585,Bonnie,Turner,04/01/1973,xxx-xx-0208,Ma
621,Maurice,Gillespie,09/07/1984,xxx-xx-8509,Ge
300,Corey,Adams,10/08/1988,xxx-xx-2578,Or
640,Brett,Nelson,06/20/1986,xxx-xx-3049,Ma
297,Melody,Nelson,01/23/1979,xxx-xx-1931,Vi
209,James,Young,04/12/1980,xxx-xx-8557,Ma
320,Robert,Smith,04/14/1994,xxx-xx-0748,Mi
242,Caroline,Larson,05/05/1990,xxx-xx-7178,Lo
258,Megan,Robinson,03/24/1973,xxx-xx-1601,We
570,Shawn,Edwards,01/19/1978,xxx-xx-4865,Lo
417,David,Evans,09/15/1977,xxx-xx-6773,Wa
281,Julie,Price,01/20/1993,xxx-xx-3599,Pe
436,Briana,Webster,02/08/1978,xxx-xx-3704,Pe
441,Robin,Oconnor,02/27/1978,xxx-xx-0782,Ne
425,Albert,Davidson,01/20/1975,xxx-xx-9182,Ca
553,Mark,Chen,04/02/1989,xxx-xx-3553,Wy
266,Elizabeth,Lynn,02/25/1992,xxx-xx-8647,Ma
40,Tracy,Gonzalez,11/01/1983,xxx-xx-4059,Wy
609,Patricia,Fletcher,06/30/1979,xxx-xx-2311,Rh
471,Tammy,Salinas,12/29/1980,xxx-xx-3850,No
307,Roger,Wright,03/04/1974,xxx-xx-3080,Mi
353,Kelly,Castillo,04/13/1992,xxx-xx-7622,Wa
393,Charles,Kelley,04/14/1993,xxx-xx-1133,Ok
607,David,Johnson,06/23/1985,xxx-xx-9729,De
483,David,Cervantes,01/08/1983,xxx-xx-0082,Wa
370,Valerie,Lopez,04/10/1983,xxx-xx-0441,Al
273,Sarah,Hayes,11/20/1984,xxx-xx-8195,Co
141,Christina,Arnold,10/20/1979,xxx-xx-2313,Ne
338,Cynthia,Bennett,11/26/1973,xxx-xx-7899,Ma
15,Michelle,Huang,04/09/1983,xxx-xx-8363,Ut
120,Amanda,Dodson,03/04/1973,xxx-xx-6056,Ka
75,Jeff,Hawkins,08/10/1992,xxx-xx-5606,Il
115,Patrick,Taylor,07/29/1991,xxx-xx-5595,Mi
629,Elizabeth,Howard,11/05/1984,xxx-xx-2641,Ar
299,Noah,White,04/30/1977,xxx-xx-0897,So
498,Caroline,Jackson,12/29/1983,xxx-xx-4102,De
445,Andrea,Wright,06/15/1978,xxx-xx-8386,Oh
582,Sara,Smith,01/02/1983,xxx-xx-9188,Te
245,Jennifer,Rodriguez,04/23/1974,xxx-xx-2538,Ne
129,Deanna,Terrell,02/05/1990,xxx-xx-5743,Ok
544,Kristina,Summers,02/17/1989,xxx-xx-3058,Or
377,Laura,Mercado,04/05/1974,xxx-xx-9514,Mi
155,Matthew,Kane,11/17/1990,xxx-xx-9385,Pe
440,Tamara,White,05/20/1980,xxx-xx-6614,Fl
550,Samantha,Thompson,06/04/1976,xxx-xx-9230,Ne
47,John,Mcmillan,03/02/1983,xxx-xx-7301,Ne
89,Andrea,Webb,12/11/1985,xxx-xx-7815,Vi
145,Lori,Odonnell,10/22/1989,xxx-xx-2415,Ka
554,Ronald,Huerta,12/13/1973,xxx-xx-6058,Ok
523,Chelsea,Foster,03/26/1974,xxx-xx-4094,Al
499,Daniel,Lopez,09/07/1989,xxx-xx-2639,Ar
37,Jonathan,Jones,01/13/1977,xxx-xx-7798,Mi
384,Jessica,Gaines,04/23/1981,xxx-xx-9332,Co
514,Timothy,Morris,06/16/1981,xxx-xx-2962,Wy
260,Donna,Campbell,07/14/1993,xxx-xx-2369,Ne
239,Tonya,Martinez,09/04/1972,xxx-xx-7702,Io
420,Pamela,Moore,02/20/1980,xxx-xx-9532,Ne
380,Michelle,Ali,05/05/1993,xxx-xx-3823,Ka
387,Alexander,Gibson,10/27/1983,xxx-xx-1036,Co
207,Jay,Smith,03/06/1985,xxx-xx-6315,Co
318,Teresa,Watkins,07/27/1972,xxx-xx-5707,Ne
16,Bradley,Guzman,05/08/1980,xxx-xx-2817,Wy
61,Rhonda,Young,06/03/1979,xxx-xx-2336,Ne
280,Brandon,Davis,07/22/1977,xxx-xx-1621,Ar
13,Brandon,Farmer,08/10/1980,xxx-xx-2601,Te
563,Barbara,Murphy,10/30/1989,xxx-xx-9225,Ar
569,James,King,04/21/1978,xxx-xx-1432,Al
575,Drew,Kelly,03/25/1993,xxx-xx-3264,Wa
319,Virginia,Wise,02/18/1982,xxx-xx-8887,Or
122,Mary,Hernandez,01/29/1990,xxx-xx-5268,Ne
520,Ryan,Russell,01/06/1975,xxx-xx-3828,Ha
489,Amanda,Smith,08/05/1989,xxx-xx-3579,De
136,Morgan,Dunn,07/13/1980,xxx-xx-1601,Ar
142,Kimberly,Shaw,06/11/1973,xxx-xx-7577,Ma
250,Kathleen,Klein,01/15/1990,xxx-xx-3388,Ne
383,Diana,Meyers,09/13/1972,xxx-xx-4296,Te
650,Logan,Smith,03/26/1990,xxx-xx-0194,Mi
231,Tracy,Martin,05/03/1975,xxx-xx-0726,Al
431,Edwin,Martin,02/13/1988,xxx-xx-9168,Mi
306,Kelly,Moran,07/14/1976,xxx-xx-0670,Ne
151,Robert,Smith,01/12/1987,xxx-xx-2300,Id
519,Jane,Martinez,01/30/1991,xxx-xx-3977,Ar
172,Denise,Castillo,10/10/1983,xxx-xx-0042,Lo
121,Jonathon,Brock,04/30/1980,xxx-xx-9917,Co
140,Amanda,Franco,09/24/1994,xxx-xx-5413,Al
48,Heather,Robinson,11/20/1985,xxx-xx-1929,Mi
282,Kathryn,Stout,08/24/1987,xxx-xx-9637,Io
42,Cory,Hopkins,03/13/1977,xxx-xx-9491,Al
247,Ryan,Snyder,07/14/1982,xxx-xx-9330,Ma
59,Sara,Walker,08/16/1985,xxx-xx-5423,Ne
137,Daniel,Garcia,04/21/1979,xxx-xx-3001,Wi
257,Paul,Evans,06/25/1977,xxx-xx-4302,Mi
343,Elizabeth,Olson,01/22/1976,xxx-xx-7163,Ma
195,Ann,Romero,10/27/1989,xxx-xx-4046,De
268,Thomas,Jensen,02/23/1991,xxx-xx-3430,Oh
558,Brian,Davila,07/05/1982,xxx-xx-3711,De
70,Donna,Howard,03/31/1990,xxx-xx-7432,Mi
28,Kimberly,Massey,01/01/1981,xxx-xx-4649,Mi
132,Jeremy,Cross,11/22/1987,xxx-xx-4632,Ha
335,Dennis,Thomas,06/11/1989,xxx-xx-5032,In
349,Kenneth,Martin,08/24/1989,xxx-xx-4681,Mi
510,Tyler,Brewer,06/28/1972,xxx-xx-9006,Ha
36,Scott,Brooks,02/24/1972,xxx-xx-4958,Ne
430,Derrick,Fritz,12/05/1982,xxx-xx-0071,Io
376,Christine,Munoz,11/17/1974,xxx-xx-0149,Mi
226,Julie,Robbins,11/23/1976,xxx-xx-4571,In
240,Rachel,Cook,03/03/1982,xxx-xx-9042,Ne
291,Kyle,Hoffman,12/25/1984,xxx-xx-7692,Mo
619,Nancy,Nguyen,07/05/1976,xxx-xx-3939,Vi
424,John,Wells,05/25/1993,xxx-xx-3026,Ne
212,Robert,Ellison,07/16/1979,xxx-xx-9579,Ne
263,Keith,Robinson,04/15/1978,xxx-xx-3579,No
443,Dennis,Osborn,11/15/1973,xxx-xx-3531,Ma
26,Ronald,Hays,12/21/1993,xxx-xx-6430,Te
491,Leslie,Brown,06/15/1973,xxx-xx-1806,Ne
114,Maria,Chapman,12/20/1973,xxx-xx-7300,Ok
434,Melissa,Torres,03/22/1981,xxx-xx-6921,Ne
615,Joshua,Weaver,11/20/1982,xxx-xx-7030,Io
525,Crystal,Martin,08/29/1993,xxx-xx-0679,Ma
44,Sheri,Ball,08/04/1991,xxx-xx-7548,Ar
475,Steven,Ritter,02/11/1986,xxx-xx-8004,Oh
529,Linda,Krause,12/22/1978,xxx-xx-4382,So
83,John,Myers,07/25/1989,xxx-xx-1869,Ne
275,Mark,White,09/09/1992,xxx-xx-7830,Id
190,Diana,Smith,12/02/1973,xxx-xx-3506,Il
423,Karen,Lyons,06/09/1990,xxx-xx-9081,Ok
581,Laura,Glenn,10/20/1992,xxx-xx-1468,Te
177,Diana,Spence,09/20/1983,xxx-xx-4751,Ma
573,Samantha,Farley,07/10/1977,xxx-xx-2351,Wa
46,Kayla,Mitchell,10/13/1975,xxx-xx-9155,Wi
17,Crystal,Myers,12/31/1980,xxx-xx-6532,Oh
101,Brooke,Jones,04/09/1979,xxx-xx-2606,Te
261,John,Mueller,03/22/1987,xxx-xx-7849,Ma
435,Karla,Rosales,07/10/1983,xxx-xx-1729,Il
448,Jennifer,Brown,08/23/1977,xxx-xx-0700,Ma
597,Blake,Jimenez,09/10/1977,xxx-xx-3810,Ka
628,Michael,Garcia,11/05/1980,xxx-xx-4294,Il
610,Jermaine,Quinn,12/24/1989,xxx-xx-1754,Ca
113,Patricia,Cruz,04/22/1976,xxx-xx-3822,In
235,Cameron,Mcintosh,02/01/1975,xxx-xx-8921,Ne
21,Michelle,Brewer,06/10/1988,xxx-xx-6836,Ok
362,Hannah,Nolan,09/15/1978,xxx-xx-1332,Ok
368,Erica,Johnson,05/27/1978,xxx-xx-9413,Lo
323,Jeremy,Obrien,01/13/1982,xxx-xx-7592,Or
